{
  "London" :[-0.128, 51.507],
  "Brussels":[4.469936, 50.503887],
  "Madrid" :[-3.7037902,40.4167754],
  "Berlin":[13.4033203, 52.5195635],
  "Paris":[2.3524475, 48.8565835],
  "Rome":[12.4969482, 41.902277],
  "Lisbonne" :[-9.1392517, 38.7224833],
  "Oslo" : [10.7528687, 59.9137298],
  "Bugarest" :[26.1035156, 44.4259344],
  "Moscou" :[37.6171875, 55.7557135]

}